<?xml version="1.0" encoding="UTF-8"?>
<project-private xmlns="http://www.netbeans.org/ns/project-private/1">
    <editor-bookmarks xmlns="http://www.netbeans.org/ns/editor-bookmarks/2" lastBookmarkId="0"/>
    <open-files xmlns="http://www.netbeans.org/ns/projectui-open-files/2">
        <group>
            <file>file:/C:/Users/ANAND%20S/MPLABXProjects/Assignment_13.X/ssd.h</file>
            <file>file:/C:/Users/ANAND%20S/MPLABXProjects/Assignment_13.X/digital_keypad.h</file>
            <file>file:/C:/Users/ANAND%20S/MPLABXProjects/Assignment_13.X/digital_keypad.c</file>
            <file>file:/C:/Users/ANAND%20S/MPLABXProjects/Assignment_13.X/ssd.c</file>
            <file>file:/C:/Users/ANAND%20S/MPLABXProjects/Assignment_13.X/main.c</file>
        </group>
    </open-files>
</project-private>
